forman,1000,500,0.58
homology,1000,500,11.15
mapper,1000,500,0.51
forman,10000,5000,7.28
homology,10000,5000,1132.54
mapper,10000,5000,3.68
forman,100000,50000,55.32
homology,100000,50000,123013.55
mapper,100000,50000,56.29
sinkhorn,1000,500,713.84
sinkhorn,2000,1000,2802.92
sinkhorn,5000,2500,16395.86
ollivier_exact,200,100,33.71
ollivier_exact,500,250,193.93
ollivier_exact,1000,500,719.83
spectral_fiedler,897,300,25.75
directed_laplacian,897,300,22.73
spectral_fiedler,1796,600,194.74
directed_laplacian,1796,600,165.81
spectral_fiedler,3598,1200,1721.04
directed_laplacian,3598,1200,1255.42
